variable_1,variable_2,variable_3
1.0,0.01972043764526105,0.0
1.6681005372000588,0.014855074171932575,0.0
2.7825594022071245,0.0005022377515903684,0.0
4.641588833612778,0.00031120874871025226,0.0
7.742636826811269,4.0886575253940194e-05,0.0
12.91549665014884,6.7176695692126494e-06,0.0
21.544346900318832,6.391279822223415e-08,0.0
35.93813663804626,7.511358838402614e-10,0.0
59.94842503189409,1.9649800544103595e-10,0.0
100.0,3.3387214040960203e-10,0.0
