variable_1,variable_2,variable_3
1.0,1.690201537518633e-13,0.0
31.622776601683793,1.7495149504695898e-09,0.0
1000.0,1.8972263819446418e-08,0.0
