variable_1,variable_2,variable_3
1.0,2.490913179941432e-13,0.0
100.0,8.96289635454953e-15,0.0
