variable_1,variable_2,variable_3
1.0,6.015588247340343e-08,0.0
1.2742749857031337,5.997717087261626e-09,0.0
1.6237767391887217,1.18597639422068e-08,0.0
2.0691380811147897,1.2297847577213482e-10,0.0
2.636650898730358,5.841759746129196e-10,0.0
3.3598182862837818,6.82992292679456e-10,0.0
4.281332398719393,2.7395838174925427e-11,0.0
5.455594781168519,1.605808987541136e-10,0.0
6.951927961775605,1.677321324084266e-12,0.0
8.858667904100825,7.994409666893388e-13,0.0
11.28837891684689,8.588563676712057e-13,0.0
14.38449888287663,8.253860462690959e-11,0.0
18.329807108324356,3.1103976708990218e-09,0.0
23.357214690901213,1.0374920225626785e-09,0.0
29.76351441631318,1.0748873669347508e-09,0.0
37.926901907322495,8.877969763762262e-09,0.0
48.32930238571752,4.4401076343336705e-08,0.0
61.584821106602604,7.954997148217968e-08,0.0
78.47599703514611,6.291557041155995e-08,0.0
100.0,1.1956628805026713e-07,0.0
