variable_1,variable_2,variable_3
1.0,7.999492383507507e-13,0.0
100.0,1.010889471887944e-14,0.0
